Words,Level
at,1
man,1
sat,1
am,1
an,1
ran,1
had,1
hat,1
gas,1
map,1
bad,1
dad,1
jam,1
mat,1
rag,1
tag,1
bag,1
fan,1
lap,1
nap,1
ram,1
tap,1
bat,1
fat,1
lab,1
pad,1
rat,1
van,1
cat,1
ham,1
mad,1
pat,1
sad,1
wag,1
in,1
big,1
hit,1
pig,1
him,1
sit,1
did,1
it,1
if,1
dig,1
bit,1
hip,1
pit,1
win,1
dim,1
lid,1
rib,1
zip,1
fit,1
lip,1
rip,1
hid,1
pin,1
tip,1
on,1
not,1
mom,1
hot,1
got,1
dog,1
top,1
log,1
job,1
hop,1
Bob,1
God,1
mop,1
pot,1
Sam,1
Dan,1
Jim,1
Pam,1
rob,1
sob,1
dot,1
jog,1
pod,1
Ron,1
sod,1
fog,1
lot,1
pop,1
rot,1
Tom,1
up,1
fun,1
bug,1
sun,1
run,1
bus,1
dug,1
mud,1
us,1
rug,1
bud,1
gun,1
jug,1
tub,1
bun,1
hug,1
mug,1
tug,1
but,1
hum,1
pup,1
yum,1
gum,1
hut,1
rub,1
yes,1
wet,1
red,1
men,1
get,1
leg,1
pet,1
ten,1
fed,1
pen,1
bed,1
Deb,1
jet,1
met,1
vet,1
beg,1
den,1
led,1
net,1
web,1
Ben,1
Ed,1
let,1
set,1
yet,1
bet,1
hen,1
Meg,1
Ted,1
as,1
has,1
is,1
his,1
box,1
six,1
mix,1
fox,1
quit,1
fix,1
ox,1
tax,1
wax,1
fish,1
ship,1
shop,1
much,1
bath,1
this,1
chin,1
math,1
with,1
that,1
Beth,1
moth,1
shed,1
than,1
wish,1
chip,1
path,1
shin,1
them,1
chop,1
rash,1
shot,1
then,1
dash,1
rich,1
shut,1
thin,1
dish,1
rush,1
such,1
thud,1
fast,1
land,1
went,1
soft,1
left,1
last,1
and,1
hand,1
help,1
best,1
band,1
end,1
hint,1
just,1
lost,1
next,1
rest,1
sits,1
west,1
bend,1
felt,1
hunt,1
lamp,1
melt,1
past,1
sand,1
tent,1
wind,1
bump,1
gift,1
its,1
lend,1
must,1
pond,1
send,1
test,1
dust,1
held,1
jump,1
list,1
nest,1
raft,1
sent,1
vent,1
stop,1
glad,1
sled,1
flag,1
frog,1
plan,1
step,1
trip,1
swim,1
spot,1
brush,1
grip,1
slip,1
swam,1
drip,1
plug,1
sped,1
trim,1
drop,1
plum,1
spin,1
twig,1
flip,1
slid,1
spun,1
twin,1
can,1
camp,1
cut,1
kept,1
kid,1
cash,1
kit,1
cup,1
club,1
cap,1
cab,1
crash,1
cast,1
crop,1
clam,1
cub,1
cost,1
Ken,1
crab,1
Kim,1
tell,1
doll,1
fell,1
hill,1
will,1
sell,1
off,1
miss,1
glass,1
grass,1
bell,1
dress,1
kill,1
pass,1
sniff,1
well,1
bill,1
drill,1
kiss,1
pill,1
spell,1
class,1
fill,1
less,1
press,1
stiff,1
cliff,1
ill,1
loss,1
shall,1
still,1
cuff,1
Jill,1
mess,1
smell,1
stuff,1
black,1
clock,1
milk,1
duck,1
neck,1
pick,1
ask,1
rock,1
desk,1
snack,1
back,1
elk,1
mask,1
risk,1
thick,1
block,1
husk,1
pack,1
sick,1
trick,1
brick,1
kick,1
quack,1
stick,1
truck,1
check,1
lock,1
quick,1
stuck,1
tuck,1
deck,1
luck,1
Rick,1
task,1
king,1
long,1
sing,1
thing,1
bring,1
sang,1
stung,1
rang,1
wing,1
swing,1
bang,1
hang,1
hung,1
ring,1
song,1
bank,1
thank,1
drink,1
pink,1
sink,1
think,1
shrunk,1
trunk,1
sank,1
Frank,1
blank,1
junk,1
sunk,1
drank,1
rank,1
tank,1
dunk,1
rink,1
honk,1
shrank,1
ink,1
shrink,1
bathtub,1
within,1
sunset,1
cobweb,1
itself,1
desktop,1
himself,1
upset,1
windmill,1
bobcat,1
backpack,1
catnip,1
gunshot,1
lipstick,1
quicksand,1
blacktop,1
clamshell,1
handcuff,1
locksmith,1
shellfish,1
cannot,1
dishcloth,1
hilltop,1
milkman,1
upon,1
catfish,1
drumstick,1
hotdog,1
pigpen,1
she,1
we,1
so,1
a ,1
he,1
the ,1
no,1
me ,1
be ,1
go,1
plant,2
spend,2
stamp,2
blend,2
print,2
trust,2
brand,2
slept,2
spent,2
stand,2
drift,2
handstand,2
swift,2
frost,2
plump,2
grand,2
shrimp,2
grant,2
swept,2
by,2
my,2
shy,2
try,2
why,2
sky,2
fly,2
dry,2
cry,2
fry,2
myself,2
pry,2
sly,2
spy,2
magnet,2
habit,2
contest,2
finish,2
visit,2
seven,2
napkin,2
cabin,2
dentist,2
until,2
admit,2
pilgrim,2
helmet,2
problem,2
intend,2
publish,2
invent,2
trumpet,2
limit,2
open,2
unit,2
begin,2
even,2
refund,2
zero,2
human,2
silent,2
prevent,2
belong,2
April,2
bonus,2
frozen,2
minus,2
program,2
began,2
broken,2
hotel,2
moment,2
robot,2
begun,2
depend,2
humid,2
motel,2
belongs,2
event,2
item,2
omit,2
ate,2
hope,2
made,2
fine,2
hate,2
bite,2
ride,2
note,2
time,2
kite,2
date,2
side,2
five,2
name,2
here,2
gave,2
same,2
rope,2
while,2
fire,2
base,2
game,2
hole,2
line,2
nine,2
safe,2
vote,2
wire,2
bone,2
gate,2
home,2
mile,2
pile,2
sale,2
wave,2
Dave,2
hide,2
late,2
mine,2
pole,2
tape,2
wide,2
file,2
hive,2
life,2
more,2
rate,2
tire,2
wife,2
cake,2
bike,2
joke,2
care,2
make,2
craft,2
skin,2
cave,2
clamp,2
quite,2
bake,2
clump,2
crept,2
fake,2
scalp,2
skit,2
became,2
code,2
crisp,2
lake,2
scan,2
take,2
came,2
cone,2
crush,2
like,2
skid,2
cane,2
cope,2
crust,2
Mike,2
skim,2
case,2
crash,2
cupcake,2
scab,2
skip,2
rule,2
use,2
June,2
nose,2
cute,2
size,2
these,2
those,2
student,2
rise,2
cube,2
wise,2
hose,2
rose,2
tune,2
slide,2
state,2
grade,2
drive,2
stone,2
trade,2
flame,2
prize,2
smile,2
broke,2
brave,2
scale,2
bride,2
smoke,2
crate,2
stole,2
frame,2
plate,2
grape,2
tree,2
queen,2
three,2
feet,2
deep,2
green,2
see,2
week,2
keep,2
been,2
bee ,2
cheer,2
fifteen,2
seed,2
sheet,2
teen,2
beef,2
deer,2
free,2
seem,2
sleep,2
teeth,2
bleed,2
feed,2
meet,2
seen,2
street,2
cheek,2
feel,2
need,2
sheep,2
sweet,2
cold,2
kind,2
most,2
wild,2
both,2
child,2
told,2
find,2
mold,2
blind,2
behind,2
compost,2
hold,2
post,2
billfold,2
fold,2
mild,2
roll,2
bold,2
gold,2
mind,2
sold,2
colt,2
grind,2
old,2
wind,2
her,2
after,2
paper,2
winter,2
finger,2
number,2
enter,2
river,2
super,2
older,2
clerk,2
herself,2
over,2
sister,2
ever,2
hunger,2
printer,2
under,2
fern,2
member,2
ruler,2
herd,2
never,2
silver,2
barn,2
car,2
hard,2
garden,2
shark,2
star,2
yard,2
part,2
arm,2
smart,2
art,2
chart,2
jar,2
start,2
bark,2
dark,2
march,2
tar,2
card,2
far,2
mark,2
yarn,2
carpet,2
farm,2
park,2
cart,2
harm,2
sharp,2
for,2
forget,2
short,2
north,2
corn,2
horn,2
storm,2
fork,2
born,2
order,2
acorn,2
inform,2
popcorn,2
thorn,2
cord,2
morning,2
report,2
torn,2
cork,2
nor ,2
sort,2
form,2
or ,2
stork,2
you,2
your,2
to,2
do,2
of,2
put,2
pull,2
bush,2
push,2
full,2
into,2
